1.800000000000000044e+00,4.700000000000000178e+00,2.700000000000000178e+00,0.000000000000000000e+00,0.000000000000000000e+00,0.000000000000000000e+00
1.449992060661315918e+00,3.509926557540893555e+00,3.984109878540039062e+00,3.532833456993103027e-01,2.648814916610717773e-01,-8.972339034080505371e-01
1.803012490272521973e+00,2.273597478866577148e+00,5.173082351684570312e+00,5.300273769535124302e-04,0.000000000000000000e+00,-9.999998807907104492e-01
2.248600721359252930e+00,2.258126258850097656e+00,5.163201332092285156e+00,-6.700825691223144531e-02,-0.000000000000000000e+00,-9.977524280548095703e-01
3.176072835922241211e+00,3.240253925323486328e+00,3.940560102462768555e+00,-3.200338184833526611e-01,3.596893548965454102e-01,-8.764712810516357422e-01
4.815007209777832031e+00,6.820255279541015625e+00,1.936033487319946289e+00,-8.351920247077941895e-01,5.440521836280822754e-01,-8.038405328989028931e-02
4.116337299346923828e+00,1.080142784118652344e+01,6.429338455200195312e-01,-4.766015708446502686e-01,-3.400009823963046074e-03,8.791128396987915039e-01
2.888362646102905273e+00,1.123276519775390625e+01,3.095206022262573242e-01,0.000000000000000000e+00,-2.786260098218917847e-02,9.996117949485778809e-01
2.761830329895019531e+00,8.575554847717285156e+00,-8.536885976791381836e-01,0.000000000000000000e+00,-1.168706789612770081e-01,9.931471347808837891e-01
2.362061977386474609e+00,5.187009811401367188e+00,-4.189884662628173828e-01,-8.509973064064979553e-03,-3.496798276901245117e-01,9.368306398391723633e-01
3.342166662216186523e+00,4.241610527038574219e+00,-4.386135339736938477e-01,-3.597534894943237305e-01,-4.945344408042728901e-04,9.330472946166992188e-01
3.970413684844970703e+00,2.243685483932495117e+00,3.712394237518310547e-01,3.075312633882276714e-05,0.000000000000000000e+00,1.000000000000000000e+00
4.373596668243408203e+00,8.899768590927124023e-01,8.315860033035278320e-01,8.467482075502630323e-06,6.060582995414733887e-01,7.954202294349670410e-01
5.101858139038085938e+00,8.969575166702270508e-01,4.730368137359619141e+00,-4.035058617591857910e-02,6.057098507881164551e-01,-7.946618795394897461e-01
3.595918893814086914e+00,2.237513065338134766e+00,5.192148208618164062e+00,1.014511007815599442e-02,0.000000000000000000e+00,-9.999485611915588379e-01
2.962736129760742188e+00,4.228278160095214844e+00,4.175960063934326172e+00,-1.845337152481079102e-01,-1.610013470053672791e-02,-9.826943278312683105e-01
2.072165966033935547e+00,6.061731338500976562e+00,4.390080451965332031e+00,3.685840113121230388e-07,-4.977914094924926758e-01,-8.672968149185180664e-01
9.646389484405517578e-01,8.089426040649414062e+00,4.268922328948974609e+00,8.469545841217041016e-01,-2.337126284837722778e-01,-4.775421023368835449e-01
1.844682335853576660e+00,8.719611167907714844e+00,4.726401329040527344e+00,3.588157296180725098e-01,-5.920765995979309082e-01,-7.215930819511413574e-01
2.809023141860961914e+00,8.051236152648925781e+00,7.561923980712890625e+00,-0.000000000000000000e+00,-0.000000000000000000e+00,-1.000000000000000000e+00
5.333927154541015625e+00,4.502629280090332031e+00,2.912509679794311523e+00,-9.998929500579833984e-01,1.463179476559162140e-02,0.000000000000000000e+00
5.146974563598632812e+00,2.243685960769653320e+00,3.730393648147583008e-01,-7.896110415458679199e-03,0.000000000000000000e+00,9.999688267707824707e-01
2.531597614288330078e+00,4.032494068145751953e+00,-1.030588150024414062e+00,-5.855752229690551758e-01,-0.000000000000000000e+00,8.106181025505065918e-01
1.680629611015319824e+00,4.141814231872558594e+00,-1.576329588890075684e+00,-7.069497951306402683e-05,-5.956837048870511353e-05,1.000000000000000000e+00
1.230562567710876465e+00,4.107017040252685547e+00,-1.561483025550842285e+00,9.704995155334472656e-02,-1.869611878646537662e-04,9.952794909477233887e-01
1.555763006210327148e+00,3.292317390441894531e+00,2.720991849899291992e+00,9.302570819854736328e-01,-3.669084906578063965e-01,0.000000000000000000e+00
3.012465238571166992e+00,3.138618946075439453e+00,4.244116306304931641e+00,-9.799454361200332642e-02,4.536392986774444580e-01,-8.857813477516174316e-01
5.084299087524414062e+00,1.846331119537353516e+00,5.937128543853759766e+00,0.000000000000000000e+00,2.371239475905895233e-02,-9.997188448905944824e-01
5.384707450866699219e+00,2.273987770080566406e+00,5.938457012176513672e+00,-1.741718873381614685e-02,0.000000000000000000e+00,-9.998483061790466309e-01
4.308895587921142578e+00,6.344595909118652344e+00,2.361842393875122070e+00,-6.621268987655639648e-01,7.129750251770019531e-01,-2.307695001363754272e-01
3.348451375961303711e+00,8.098942756652832031e+00,-8.534748554229736328e-01,-1.177652254700660706e-01,0.000000000000000000e+00,9.930415153503417969e-01
1.618655443191528320e+00,6.297459602355957031e+00,6.720480918884277344e-01,4.571583271026611328e-01,3.580450266599655151e-02,8.886643648147583008e-01
1.429104804992675781e-01,4.938993453979492188e+00,2.332659721374511719e+00,9.384039640426635742e-01,-2.695123553276062012e-01,-2.162432968616485596e-01
1.523273229598999023e+00,1.237348556518554688e+00,2.794639587402343750e+00,9.311532974243164062e-01,3.646279275417327881e-01,-3.996396844740957022e-05
2.452042818069458008e+00,4.252521514892578125e+00,4.221753120422363281e+00,-4.730092361569404602e-03,-8.028415031731128693e-03,-9.999566078186035156e-01
2.914516448974609375e+00,4.862815856933593750e+00,4.666094303131103516e+00,-2.438193112611770630e-01,-1.095407828688621521e-02,-9.697588086128234863e-01
4.034013748168945312e+00,7.100970745086669922e+00,5.140449523925781250e+00,-4.636033773422241211e-01,1.679420284926891327e-02,-8.858837485313415527e-01
4.104841232299804688e+00,9.539875984191894531e+00,5.102917194366455078e+00,-5.335785746574401855e-01,8.714309334754943848e-02,-8.412491083145141602e-01
2.801492452621459961e+00,1.127003288269042969e+01,5.476698398590087891e+00,-0.000000000000000000e+00,-4.806577786803245544e-02,-9.988442063331604004e-01
